Date,SPY,QQQ,GLD,XLE,TLT,VNQ
2025-01-02,0.005403,0.005703,0.006492,0.028799,-0.002600,0.005274
2025-01-03,0.016314,0.024867,-0.002560,0.020547,-0.010768,0.009213
2025-01-06,0.002836,-0.009088,-0.013677,-0.004753,-0.014242,0.001418
2025-01-07,-0.008755,-0.019815,0.012762,-0.005072,0.007803,-0.019742
2025-01-08,-0.005090,-0.005353,-0.010453,-0.002427,-0.006306,-0.007727
2025-01-09,-0.005668,0.005410,-0.001397,-0.025143,0.010111,-0.016924
2025-01-10,0.002502,-0.009797,-0.010221,0.006833,0.001031,0.002849
2025-01-13,-0.000769,-0.002837,-0.012667,-0.013761,-0.007162,0.006125
2025-01-14,0.003860,-0.006859,0.004273,0.003041,-0.006082,0.007525
2025-01-15,0.010788,0.019259,-0.006450,0.001773,-0.002800,0.016939
2025-01-16,-0.004433,-0.006510,-0.009853,-0.023565,0.005981,0.006418
2025-01-17,-0.000329,0.006283,0.002846,-0.011216,0.005009,0.013704
2025-01-20,0.000036,0.010418,-0.023447,0.002148,-0.006440,-0.003367
2025-01-21,0.001322,-0.011409,-0.000641,0.010565,0.010598,-0.002677
2025-01-22,-0.007752,-0.012607,0.007624,0.000452,0.000930,-0.000627
2025-01-23,0.001375,0.008116,-0.006257,-0.007332,-0.005003,-0.013904
2025-01-24,0.003381,0.005885,0.000472,-0.000788,-0.012404,-0.002648
2025-01-27,-0.003057,-0.008905,-0.001153,0.004339,0.016005,0.000926
2025-01-28,0.002993,0.003207,-0.016229,-0.001715,-0.005753,0.023568
2025-01-29,-0.001542,0.000195,-0.000412,-0.019128,0.010836,0.004525
2025-01-30,0.008370,0.004217,0.013771,-0.006817,0.006568,0.026235
2025-01-31,-0.009587,-0.015252,0.000330,-0.014952,-0.008728,-0.009292
2025-02-03,-0.010310,-0.009283,-0.009149,0.009073,-0.005809,-0.010002
2025-02-04,0.008596,0.002375,0.003673,0.030421,-0.016453,0.009731
2025-02-05,0.003016,0.008871,-0.010673,-0.020773,0.000903,0.002233
2025-02-06,0.002922,0.005891,-0.005607,0.003726,-0.000313,-0.004255
2025-02-07,0.019202,0.026429,-0.008428,0.024034,-0.018202,0.022331
2025-02-10,0.012074,0.009283,0.010277,0.021608,0.005016,0.029535
2025-02-11,-0.002076,-0.007399,-0.007440,-0.013994,-0.001943,-0.001048
2025-02-12,0.003186,0.009375,0.000251,0.021941,-0.003546,0.030499
2025-02-13,0.006703,0.002544,-0.008055,0.012939,-0.007503,0.011580
2025-02-14,0.005167,0.005848,-0.006630,-0.018584,-0.006887,0.008300
2025-02-17,0.002555,-0.005034,0.002571,0.011280,-0.008007,0.003381
2025-02-18,0.000984,-0.006258,0.003971,0.012459,0.009233,0.012492
2025-02-19,-0.013489,-0.022419,0.003729,-0.002278,0.010234,0.026517
2025-02-20,0.006151,0.014993,0.008643,0.014663,-0.001845,0.014082
2025-02-21,-0.007393,-0.010428,-0.004711,-0.006536,0.020496,-0.022074
2025-02-24,0.007314,-0.001691,-0.002395,0.025383,-0.004186,-0.002942
2025-02-25,-0.006813,-0.003695,-0.007227,-0.006775,0.001075,-0.011770
2025-02-26,0.022006,0.030875,-0.015499,0.017721,-0.018691,0.023877
2025-02-27,-0.007591,-0.009865,0.003869,0.006475,-0.005990,-0.008250
2025-02-28,-0.004390,-0.009537,0.015481,0.007060,-0.003972,0.006218
2025-03-03,0.021786,0.033233,-0.011290,0.008070,-0.000808,0.009959
2025-03-04,0.004870,0.011067,-0.007764,-0.000163,-0.030577,-0.008891
2025-03-05,-0.002149,-0.010738,0.014835,-0.016026,0.002416,-0.002208
2025-03-06,0.014923,0.008681,0.012615,0.020482,-0.010271,0.016441
2025-03-07,0.002403,-0.000968,0.001344,-0.001701,0.000569,0.007419
2025-03-10,0.016382,0.011750,0.021153,-0.004580,-0.000114,0.016868
2025-03-11,0.003229,-0.000116,-0.000988,-0.003026,-0.006259,0.008854
2025-03-12,0.003995,0.000349,0.008810,0.011870,0.007729,0.010923
2025-03-13,-0.007959,-0.013242,0.006160,0.004058,0.004560,-0.003769
2025-03-14,0.013274,0.012243,0.006654,0.012448,-0.004777,0.020846
2025-03-17,0.008716,0.015977,0.012138,0.009637,0.006700,0.006078
2025-03-18,0.003664,0.003652,0.001491,0.012538,-0.007868,0.022956
2025-03-19,-0.009743,-0.019706,0.009875,0.007425,0.011396,0.000600
2025-03-20,0.000273,-0.005500,0.001314,-0.007223,0.008518,-0.001787
2025-03-21,-0.007923,-0.011627,0.003127,-0.014092,-0.002324,-0.005522
2025-03-24,0.002866,0.000206,-0.003380,0.006169,-0.014304,-0.012068
2025-03-25,-0.006844,-0.009611,0.002297,0.015745,0.009817,-0.003574
2025-03-26,0.000205,-0.006276,0.000533,-0.001672,0.002661,-0.008096
2025-03-27,0.005631,0.016979,-0.000892,0.007237,0.003866,0.002251
2025-03-28,0.002655,0.003371,0.001323,-0.008420,0.000203,0.005490
2025-03-31,0.015023,0.024568,0.020142,0.005950,0.008880,0.015359
2025-04-01,0.022468,0.021941,-0.004402,0.012980,-0.027555,0.009683
2025-04-02,-0.007255,-0.007713,0.002351,0.020312,0.010709,-0.006905
2025-04-03,-0.008658,-0.007163,-0.012489,0.013759,0.008510,-0.008415
2025-04-04,-0.016870,-0.011425,-0.003220,-0.002000,-0.007465,-0.018156
2025-04-07,0.000450,0.000929,-0.003713,0.008187,-0.010293,-0.001109
2025-04-08,0.001609,0.005409,0.006342,-0.014286,-0.010210,0.010783
2025-04-09,0.003746,-0.000319,0.014507,0.010479,0.012771,0.006004
2025-04-10,0.021167,0.037242,-0.000592,0.029529,-0.002671,0.032283
2025-04-11,-0.009329,-0.006696,0.008144,-0.033546,-0.002055,-0.029552
2025-04-14,-0.002319,0.001993,0.012746,0.000451,0.018940,-0.011895
2025-04-15,-0.016772,-0.020584,0.001820,-0.015679,-0.009725,-0.015778
2025-04-16,-0.012751,-0.010945,0.001744,-0.026601,0.002289,-0.021869
2025-04-17,-0.000235,0.006078,-0.008900,0.002456,-0.006813,-0.007843
2025-04-18,-0.000682,-0.007564,-0.004223,-0.016713,0.015470,-0.001657
2025-04-21,-0.006656,-0.006570,-0.001586,-0.010406,0.007555,0.001624
2025-04-22,-0.004950,-0.009705,-0.002454,-0.037141,-0.010207,0.003053
2025-04-23,0.016977,0.018978,0.007138,0.022638,0.021002,0.027554
2025-04-24,-0.000892,-0.007294,-0.013487,0.000647,-0.010591,-0.015935
2025-04-25,-0.006120,-0.014449,0.014818,0.013082,0.006382,0.011689
2025-04-28,0.001177,-0.004170,0.014045,0.014290,-0.004927,0.000543
2025-04-29,-0.008429,-0.019225,0.008066,0.024621,-0.007045,0.001275
2025-04-30,-0.006161,-0.010586,-0.005398,-0.018581,0.001491,-0.014959
2025-05-01,0.003123,0.003523,-0.001541,-0.010513,-0.005823,0.007251
2025-05-02,0.005446,0.000230,0.002101,0.018516,-0.015840,0.009413
2025-05-05,-0.006282,-0.003770,-0.007407,-0.035110,-0.011975,-0.009737
2025-05-06,0.003015,-0.002230,0.006526,-0.017436,0.001064,-0.011507
2025-05-07,-0.006173,-0.007082,-0.007996,-0.013582,0.008536,-0.011155
2025-05-08,0.008820,0.003311,0.006291,0.033008,-0.022844,0.000646
2025-05-09,0.006213,0.006257,0.004190,-0.001439,0.000072,0.002839
2025-05-12,0.012167,0.016472,0.004305,0.005887,-0.006850,0.005070
2025-05-13,0.004373,0.002595,0.003389,0.035605,0.005497,0.005009
2025-05-14,0.012504,0.012519,-0.016115,-0.006134,-0.024984,0.001649
2025-05-15,0.000582,0.011815,0.002319,-0.005898,0.008414,-0.019302
2025-05-16,0.002772,0.008503,-0.012806,0.013863,-0.002504,-0.000576
2025-05-19,0.006775,0.023220,0.001418,0.005035,-0.004906,-0.001721
2025-05-20,0.008766,0.005047,0.002149,0.003709,0.001296,0.009584
2025-05-21,0.010854,0.009852,-0.000781,-0.003071,-0.007667,0.009853
2025-05-22,0.008027,0.003717,0.009080,0.031283,0.002298,0.027325
2025-05-23,-0.007402,-0.017074,-0.015540,0.013244,0.002112,-0.005325
2025-05-26,0.003219,-0.003439,0.022451,0.013080,0.006555,0.011681
2025-05-27,0.005245,0.007895,-0.006270,0.009440,0.011489,0.018344
2025-05-28,0.016455,0.016620,-0.006484,0.012950,-0.008026,0.022323
2025-05-29,-0.016662,-0.010017,-0.003661,-0.026224,-0.001936,-0.030366
2025-05-30,0.008694,0.011077,-0.010203,-0.013380,-0.008559,0.018842
2025-06-02,-0.002220,-0.012505,-0.001471,-0.003099,-0.022173,-0.005425
2025-06-03,-0.001931,0.002322,0.015827,0.016772,0.003577,-0.008266
2025-06-04,0.026334,0.032329,0.003055,0.024826,-0.007418,0.020137
2025-06-05,-0.005385,-0.010040,-0.000395,-0.011826,-0.003664,-0.005082
2025-06-06,-0.002173,0.007346,-0.023923,0.003968,0.003658,-0.020398
2025-06-09,-0.003057,-0.006069,-0.012253,-0.016469,-0.011495,0.010206
2025-06-10,0.009828,0.020337,0.006933,-0.008216,-0.004564,0.011032
2025-06-11,-0.011921,-0.009656,-0.003495,-0.019158,0.010091,-0.005790
2025-06-12,-0.003241,0.003785,-0.010146,0.000469,0.003252,-0.004774
2025-06-13,0.003684,-0.003703,0.009256,0.005883,-0.003006,0.012599
2025-06-16,-0.006702,-0.017306,-0.013447,0.002025,-0.013043,0.009252
2025-06-17,-0.020587,-0.013668,-0.000927,-0.024825,0.004235,-0.013077
2025-06-18,0.000018,0.007359,0.000672,-0.000254,-0.002184,-0.000228
2025-06-19,0.003499,-0.006948,-0.010410,0.015003,-0.004277,0.000926
2025-06-20,0.000583,0.003068,-0.004626,-0.012725,0.000647,-0.010365
2025-06-23,0.004512,-0.005673,0.010477,0.017433,0.002944,0.014417
2025-06-24,0.017183,0.027544,-0.014575,-0.008465,-0.015267,0.009914
2025-06-25,0.005614,0.002092,0.002764,-0.003363,-0.006065,-0.010395
2025-06-26,-0.008908,-0.019601,-0.008628,0.007505,-0.008101,0.017244
2025-06-27,0.005369,0.007789,-0.006832,0.012786,-0.009146,0.005515
2025-06-30,0.026200,0.031145,0.013041,0.017874,-0.005764,0.037523
2025-07-01,-0.005922,0.004840,0.004901,-0.016555,0.010405,0.004729
2025-07-02,0.006664,-0.002197,-0.004714,0.004887,-0.005107,0.009654
2025-07-03,0.002188,-0.006067,0.004385,0.014842,0.004471,0.013396
2025-07-04,0.008802,0.013748,0.000289,-0.016697,0.001473,0.006436
2025-07-07,0.003134,-0.004537,-0.008319,0.018674,-0.005164,0.009436
2025-07-08,0.000682,0.001097,0.008457,-0.004774,0.003748,-0.003775
2025-07-09,-0.003982,-0.006779,0.001867,-0.009538,0.012827,-0.011391
2025-07-10,-0.001487,-0.004618,0.012900,0.005636,0.013170,-0.012732
2025-07-11,0.003088,0.009668,0.000817,0.016282,-0.005177,0.017387
2025-07-14,0.023568,0.026204,-0.001051,0.043350,0.002761,0.017524
2025-07-15,-0.003838,-0.006424,-0.011827,-0.019315,-0.010061,-0.014029
2025-07-16,0.000047,0.001674,0.013645,-0.011418,0.013345,-0.001555
2025-07-17,-0.000102,0.004394,-0.009950,0.001194,-0.001519,0.004377
2025-07-18,0.003311,0.020244,-0.006198,-0.011777,-0.006883,-0.004024
2025-07-21,-0.006027,0.000609,0.011417,-0.013686,0.000208,-0.000624
2025-07-22,-0.005169,-0.002013,0.001127,-0.027855,0.016416,0.011292
2025-07-23,-0.005780,-0.009470,0.002273,0.000742,0.008273,0.015287
2025-07-24,-0.001387,-0.006857,-0.011628,-0.013110,-0.003272,0.012791
2025-07-25,-0.004820,-0.004284,-0.000560,0.011795,0.022210,-0.004851
2025-07-28,-0.004536,0.001460,0.005185,0.021148,0.007953,-0.002491
2025-07-29,0.006350,0.015057,0.007509,0.012548,0.009171,0.018728
2025-07-30,0.014328,0.021682,-0.000069,0.013914,0.004741,0.005132
2025-07-31,0.004113,0.002463,0.001067,0.023255,-0.000331,0.006100
2025-08-01,-0.013309,-0.011117,0.004087,0.017876,0.003370,-0.004429
2025-08-04,0.002910,0.013981,-0.001081,0.002780,0.004272,0.005264
2025-08-05,-0.004103,-0.003611,0.009060,-0.016796,0.006455,-0.010605
2025-08-06,0.012442,0.005104,-0.002660,0.019688,0.006520,0.010465
2025-08-07,-0.005199,0.006167,-0.013903,-0.044384,0.003332,-0.013487
2025-08-08,-0.009896,-0.007236,0.000952,-0.018825,-0.005582,-0.001545
2025-08-11,0.006950,0.007832,0.017118,-0.004343,-0.009031,-0.002224
2025-08-12,-0.000063,0.001601,-0.002035,0.003809,-0.010837,0.012883
2025-08-13,-0.000431,0.006908,0.002616,0.004198,0.006164,0.005581
2025-08-14,0.006875,0.017143,0.002005,0.014019,-0.002364,0.020636
2025-08-15,-0.006421,0.004161,-0.001685,-0.031164,0.004758,-0.013726
2025-08-18,0.008870,0.006512,-0.002463,-0.018120,-0.007088,-0.019714
2025-08-19,-0.015567,-0.013756,0.005070,-0.008973,0.000053,-0.012219
2025-08-20,0.000361,-0.007113,0.013928,0.019026,0.001777,0.003046
2025-08-21,0.002497,-0.010343,-0.000732,-0.003161,-0.009816,-0.003274
2025-08-22,0.018516,0.026698,-0.003158,0.023169,0.003469,0.025310
2025-08-25,0.000998,-0.002976,0.006713,0.009659,0.008874,0.008579
2025-08-26,0.010975,0.009832,0.013121,0.017580,0.016940,0.005471
2025-08-27,0.017894,0.023030,-0.003714,0.008269,-0.010291,0.016783
2025-08-28,0.005667,0.003155,0.000851,0.037465,0.011130,0.013614
2025-08-29,0.000780,0.001809,0.005585,-0.012905,0.000170,-0.016401
2025-09-01,0.004421,0.009685,-0.003871,0.024168,-0.013433,-0.008539
2025-09-02,0.002659,0.010185,0.014700,-0.002787,0.013521,0.003535
2025-09-03,-0.001343,0.004267,0.005338,-0.024626,0.015845,0.010830
2025-09-04,-0.005908,-0.004468,0.003707,-0.001834,-0.000797,-0.010518
2025-09-05,0.000139,0.007963,0.004406,-0.006815,0.008645,-0.025828
2025-09-08,0.011975,0.003114,-0.000888,-0.001302,-0.015620,0.016832
2025-09-09,-0.004317,-0.002867,-0.000832,0.001702,0.002148,-0.014580
2025-09-10,0.010438,0.009456,-0.012081,0.001497,0.004591,0.015189
2025-09-11,-0.042000,-0.058000,0.025000,-0.065000,0.032000,-0.048000
2025-09-12,0.010781,0.014692,-0.001050,0.006341,-0.004733,0.007774
2025-09-15,0.007731,0.009771,0.007389,0.007746,0.000288,-0.011797
2025-09-16,0.009633,0.014012,0.009768,-0.030962,0.018499,0.003885
2025-09-17,0.011566,0.007225,0.007262,-0.000208,-0.007013,0.025202
2025-09-18,-0.001525,-0.000339,0.007540,0.007032,0.004311,0.003971
2025-09-19,0.024621,0.029488,0.004567,0.039313,0.000608,0.033917
2025-09-22,0.006835,0.000821,0.015738,-0.003550,0.005224,-0.002074
2025-09-23,-0.000250,0.001937,0.002823,0.005698,0.014440,0.006322
2025-09-24,-0.002064,0.003924,0.009920,-0.019291,0.010213,0.004385
2025-09-25,-0.002602,0.005982,-0.002043,-0.004374,-0.000337,-0.001767
2025-09-26,-0.010653,-0.022293,0.013702,-0.015463,0.000429,-0.029875
2025-09-29,-0.006043,-0.015946,0.014546,0.015469,0.000481,0.018579
2025-09-30,0.010292,0.010391,-0.020420,0.037880,-0.023243,-0.006375
2025-10-01,0.010703,0.029086,0.012263,0.015659,0.005677,0.019868
2025-10-02,0.008046,0.011662,0.001819,0.006348,-0.008415,0.003350
2025-10-03,-0.016667,-0.020738,-0.010150,-0.033951,0.005432,-0.003373
2025-10-06,0.009653,0.001417,-0.006695,0.024238,-0.015028,0.005390
2025-10-07,0.005941,0.000890,0.002202,-0.010967,-0.006094,0.004822
2025-10-08,-0.015659,-0.015973,-0.001829,-0.008293,0.007466,0.001187
2025-10-09,0.001659,-0.000744,0.001644,0.010631,0.000011,0.002711
2025-10-10,-0.006679,-0.012369,-0.012452,0.017047,-0.012701,-0.011191
2025-10-13,-0.006844,-0.002315,-0.003526,0.008476,-0.004090,-0.001368
2025-10-14,-0.008023,0.004488,-0.012048,-0.011113,0.005432,-0.002317
2025-10-15,-0.001471,-0.002559,0.000487,-0.003184,0.008897,0.019858
2025-10-16,-0.005222,-0.015260,-0.000473,0.035015,-0.006504,0.014627
2025-10-17,0.017306,0.017372,0.007251,0.042579,-0.008433,0.015148
2025-10-20,-0.005466,-0.013218,-0.005571,-0.021956,0.001001,-0.014644
2025-10-21,0.002753,-0.006835,0.004118,0.019001,-0.017108,0.005640
2025-10-22,0.012771,0.007565,0.016735,0.024892,-0.005931,0.011320
2025-10-23,0.006024,0.007865,0.005503,-0.006455,0.001543,-0.009337
2025-10-24,-0.000724,-0.006751,-0.005880,0.017481,0.006526,0.007206
2025-10-27,-0.010613,-0.014849,0.009838,-0.004756,0.026440,-0.001937
2025-10-28,0.002332,0.000863,0.001756,0.001027,0.005639,0.011095
2025-10-29,-0.007525,-0.017793,-0.016014,-0.000989,-0.012008,-0.028151
2025-10-30,0.004313,0.021705,-0.000589,0.010191,-0.000345,0.004619
2025-10-31,0.009660,0.009854,0.003686,0.015147,-0.008185,0.017314
2025-11-03,-0.001367,-0.006553,0.005103,-0.011278,0.002755,-0.002486
2025-11-04,0.011342,0.016923,0.000943,0.021412,0.007320,0.016961
2025-11-05,0.000501,-0.007953,-0.008439,-0.003250,-0.008178,-0.003652
2025-11-06,0.000968,0.004733,-0.000570,0.006436,0.000144,-0.016721
2025-11-07,-0.009071,-0.011849,-0.011263,-0.002564,0.012332,0.005029
2025-11-10,-0.001754,0.007765,0.000603,-0.009802,-0.003148,-0.004902
2025-11-11,-0.003516,-0.003057,0.001150,-0.003447,0.005618,0.008725
2025-11-12,0.009967,0.002362,-0.020379,0.020718,-0.022715,0.003911
2025-11-13,-0.011397,-0.025576,0.004590,0.005373,0.000185,-0.032434
2025-11-14,-0.005109,-0.003527,-0.013456,-0.006614,-0.002220,0.000236
2025-11-17,0.001602,-0.004391,0.011288,0.004212,0.002659,-0.006850
2025-11-18,-0.004071,-0.010675,-0.001322,0.022314,-0.011245,-0.016732
2025-11-19,0.015225,0.017120,-0.003955,0.028513,-0.012659,0.030093
2025-11-20,0.007230,0.005612,0.020048,0.004219,0.010095,0.009996
2025-11-21,0.013517,0.026710,0.001153,-0.001514,0.000172,0.003980
2025-11-24,0.020690,0.026009,-0.000890,0.021354,-0.019313,0.006706
2025-11-25,0.012496,0.010871,-0.007332,0.018871,0.002151,0.017558
2025-11-26,0.010436,0.007721,-0.010778,0.030135,-0.011152,0.007053
2025-11-27,0.013784,0.020415,0.005365,0.044002,-0.009643,0.023728
2025-11-28,0.000971,0.003019,0.013533,0.010972,0.008494,0.013535
2025-12-01,-0.003282,-0.009419,-0.008884,-0.031825,0.016218,-0.016105
2025-12-02,-0.001833,-0.003965,0.002823,0.011238,0.008373,-0.004641
2025-12-03,-0.001288,0.000377,-0.002247,0.020548,0.003300,0.008833
2025-12-04,0.007078,0.016364,0.001964,-0.014258,0.002565,-0.001966
2025-12-05,-0.004931,-0.002032,0.010226,-0.003106,0.008229,0.013370
2025-12-08,0.002823,0.020617,0.004200,-0.027543,0.008739,0.004307
2025-12-09,0.013396,0.020716,0.000073,-0.006666,-0.005792,0.000578
2025-12-10,-0.005454,-0.002650,0.013943,0.002721,-0.002966,0.001145
2025-12-11,0.012458,0.011135,0.000623,0.013284,-0.011213,0.015304
2025-12-12,-0.000822,0.001842,-0.007848,-0.010137,0.004346,-0.005159
2025-12-15,0.017803,0.018986,0.004220,0.031921,-0.017746,-0.001287
2025-12-16,-0.014980,-0.009740,-0.006801,0.018013,-0.001601,-0.006598
2025-12-17,0.015940,0.032568,0.018939,0.032513,0.008808,0.023700
